{"RNN": {"Train_Loss(MAE)": [[0.2127, 0.3172, 0.3456, 0.2357, 0.2677], [0.2034, 0.2851, 0.2544, 0.2537, 0.2209], [0.2121, 0.2, 0.1919, 0.745, 0.2297]], "Val_Loss(MAE)": [[0.04428191686747596, 0.062414081185124815, 0.05774117517285049, 0.05026188597548753, 0.07293196150567383], [0.045169212855398655, 0.05621051124762744, 0.04918899713084102, 0.04840450297342613, 0.06062283256324008], [0.0568890986032784, 0.04428718477720395, 0.045722971903160214, 0.05017424043035135, 0.05530875246040523]]}, "GRU": {"Train_Loss(MAE)": [[3.2716076374053955, 0.19291232526302338, 0.18020854890346527, 0.17275041341781616, 0.1918291598558426], [2.677046537399292, 0.24738916754722595, 0.303707480430603, 0.16695545613765717, 0.18471179902553558], [2.6448841094970703, 0.22713075578212738, 0.2467469871044159, 0.229660302400589, 0.26130005717277527]], "Val_Loss(MAE)": [[0.15326181054115295, 0.3415659964084625, 0.15909235179424286, 0.21605870127677917, 0.13369295001029968], [0.19584351778030396, 0.25684693455696106, 0.15109676122665405, 0.3052118718624115, 0.18355216085910797], [0.19683071970939636, 0.2045801281929016, 0.20280620455741882, 0.22029365599155426, 0.4767494797706604]]}, "LSTM": {"Train_Loss(MAE)": [[3.1618173122406006, 0.19939859211444855, 0.27070289850234985, 0.1847502440214157, 0.18573200702667236], [2.9476988315582275, 0.24459344148635864, 0.1966511309146881, 0.3508780300617218, 0.22675132751464844], [2.7309679985046387, 0.17839442193508148, 0.21564529836177826, 0.1609247475862503, 0.1656724065542221]], "Val_Loss(MAE)": [[0.290047287940979, 0.05227084830403328, 0.15771204233169556, 0.35739368200302124, 0.15955884754657745], [0.19186288118362427, 0.1711999624967575, 0.4868907332420349, 0.13220714032649994, 0.2757185101509094], [0.20807614922523499, 0.3722632825374603, 0.20458172261714935, 0.058389678597450256, 0.12201063334941864]]}}