{"RNN": {"Train_Loss(MAE)": [[1.0837, 2.763, 0.2695], [0.212, 0.1978, 0.1992], [0.2197, 0.2122, 0.2044], [0.6172, 0.2032, 0.1975]], "Val_Loss(MAE)": [[0.2281678467988968, 0.9591549038887024, 0.09980864822864532], [0.04444977268576622, 0.04625573009252548, 0.056943561881780624], [0.04466303810477257, 0.053171806037425995, 0.044090136885643005], [0.10399477183818817, 0.04606148973107338, 0.047890447080135345]]}, "GRU": {"Train_Loss(MAE)": [[2.366057872772217, 1.061933159828186, 1.5123851299285889], [3.8406028747558594, 0.22641676664352417, 0.27138611674308777], [6.353989124298096, 0.20193450152873993, 0.20864038169384003], [24.96280860900879, 0.19447831809520721, 0.19435536861419678]], "Val_Loss(MAE)": [[0.2332770824432373, 0.21026673913002014, 1.1580638885498047], [0.21304851770401, 0.26467785239219666, 0.25043901801109314], [0.2131633460521698, 0.2000664919614792, 0.19631823897361755], [0.19447538256645203, 0.19346202909946442, 0.19303175806999207]]}, "LSTM": {"Train_Loss(MAE)": [[2.475005865097046, 0.7809237241744995, 0.6846022009849548], [3.6504952907562256, 0.2636798620223999, 0.26461875438690186], [5.257689476013184, 0.13509432971477509, 0.1356358826160431], [21.271778106689453, 0.18551945686340332, 0.0863911360502243]], "Val_Loss(MAE)": [[0.43374553322792053, 0.5445929765701294, 0.8905134797096252], [0.21249908208847046, 0.3559458255767822, 0.43808096647262573], [0.19908654689788818, 0.054080791771411896, 0.11909458041191101], [0.1914256066083908, 0.16627171635627747, 0.03549610450863838]]}}