{"RNN": {"Train_Loss(MAE)": [[8.969772338867188, 0.1143079549074173, 0.005674670450389385, 0.005170146934688091, 0.004901490639895201, 0.0047342656180262566, 0.004592331126332283, 0.004374748095870018, 0.00437588058412075, 0.004291545134037733], [12.28101634979248, 0.06283942610025406, 0.012982302345335484, 0.010770059190690517, 0.009327199310064316, 0.00857371836900711, 0.007975290529429913, 0.007561548613011837, 0.007310118526220322, 0.007104948163032532], [7.305822372436523, 0.07329245656728745, 0.012870718725025654, 0.01040508970618248, 0.009012396447360516, 0.008075249381363392, 0.007714190520346165, 0.007293914444744587, 0.00670869555324316, 0.006420387886464596]], "Val_Loss(MAE)": [[0.24138033390045166, 0.007448961026966572, 0.013866250403225422, 0.00553467171266675, 0.0040283543057739735, 0.004918103106319904, 0.008438531309366226, 0.0034338629338890314, 0.006371502298861742, 0.0037094145081937313], [0.24140329658985138, 0.007122076116502285, 0.010368149727582932, 0.016535893082618713, 0.024830790236592293, 0.026143662631511688, 0.035271693021059036, 0.03250645101070404, 0.029990483075380325, 0.0293892789632082], [0.2413041591644287, 0.0217591505497694, 0.03567763417959213, 0.03930002450942993, 0.04213458672165871, 0.04141581803560257, 0.043983157724142075, 0.045983634889125824, 0.04573072865605354, 0.044478755444288254]]}, "GRU": {"Train_Loss(MAE)": [[8.509381294250488, 0.08300347626209259, 0.005867932457476854, 0.005279205273836851, 0.005001457408070564, 0.004788496531546116, 0.00428510969504714, 0.0039638434536755085, 0.003642824711278081, 0.0035858922637999058], [15.844324111938477, 0.24126027524471283, 0.17879249155521393, 0.018228473141789436, 0.012714128009974957, 0.010146907530725002, 0.009167877957224846, 0.008541001938283443, 0.007892151363193989, 0.007316203322261572], [11.812058448791504, 0.24131889641284943, 0.11709273606538773, 0.004076678305864334, 0.003819171106442809, 0.003321350086480379, 0.0031306829769164324, 0.003021358046680689, 0.0029958474915474653, 0.0029513973277062178]], "Val_Loss(MAE)": [[0.241613507270813, 0.006653104908764362, 0.006758301518857479, 0.005410549696534872, 0.007853604853153229, 0.004881324712187052, 0.0032445243559777737, 0.0035891798324882984, 0.0026817915495485067, 0.0026814648881554604], [0.24132879078388214, 0.241814523935318, 0.01249928493052721, 0.023958923295140266, 0.04571293294429779, 0.05144717916846275, 0.05284583941102028, 0.05476918816566467, 0.059394098818302155, 0.05839978903532028], [0.2412983924150467, 0.2419760376214981, 0.0030754064209759235, 0.005998705048114061, 0.00303107057698071, 0.004370329435914755, 0.003452863311395049, 0.006432941649109125, 0.0037970966659486294, 0.00560540659353137]]}, "LSTM": {"Train_Loss(MAE)": [[9.33996868133545, 0.006104929372668266, 0.004315962549299002, 0.004072579555213451, 0.003961225971579552, 0.0038174756336957216, 0.003629922168329358, 0.003624845063313842, 0.003511954564601183, 0.0034876286517828703], [15.14506721496582, 0.22058682143688202, 0.02316831611096859, 0.01631067506968975, 0.013388754799962044, 0.011049591936171055, 0.009204248897731304, 0.008073593489825726, 0.007355512119829655, 0.006849925499409437], [14.19286060333252, 0.24130287766456604, 0.007442324887961149, 0.00378070748411119, 0.0036335589829832315, 0.003500610124319792, 0.0032737688161432743, 0.003267821855843067, 0.0031794963870197535, 0.0031367517076432705]], "Val_Loss(MAE)": [[0.05761997029185295, 0.008200258016586304, 0.005285034421831369, 0.003031122265383601, 0.010052695870399475, 0.003195806872099638, 0.0042167301289737225, 0.00291326642036438, 0.009605873376131058, 0.0030647581443190575], [0.2413131147623062, 0.02170124463737011, 0.005574383307248354, 0.007459907792508602, 0.01203142385929823, 0.016561642289161682, 0.024178683757781982, 0.022689973935484886, 0.026585282757878304, 0.029560476541519165], [0.24133002758026123, 0.2408570945262909, 0.0032933377660810947, 0.008784365840256214, 0.004491625353693962, 0.003071743296459317, 0.0028639608062803745, 0.0027654364239424467, 0.0026168511249125004, 0.0025843565817922354]]}}