{"RNN": {"Train_Loss(MAE)": [[9.639167785644531, 0.27529382705688477, 0.27529722452163696, 0.27530619502067566, 0.2752997875213623, 0.2753097116947174, 0.2753243148326874, 0.27531179785728455, 0.27532345056533813, 0.27532055974006653], [8.619221687316895, 0.10949018597602844, 0.030797939747571945, 0.028620215132832527, 0.0275497455149889, 0.026888089254498482, 0.026138462126255035, 0.02552320994436741, 0.02488744631409645, 0.024557936936616898], [12.10385513305664, 0.18864859640598297, 0.02984263189136982, 0.02707086130976677, 0.026351111009716988, 0.02577565796673298, 0.02515350468456745, 0.02481742762029171, 0.023776164278388023, 0.019567538052797318]], "Val_Loss(MAE)": [[0.28522390127182007, 0.28507116436958313, 0.28489455580711365, 0.2848694622516632, 0.28539955615997314, 0.28616780042648315, 0.2861562669277191, 0.2851090431213379, 0.2850153148174286, 0.28496643900871277], [0.2848818004131317, 0.01654551737010479, 0.019121628254652023, 0.02202155441045761, 0.018113357946276665, 0.017934786155819893, 0.019103534519672394, 0.01862875372171402, 0.020792435854673386, 0.022686585783958435], [0.2849418818950653, 0.019749406725168228, 0.02143988385796547, 0.01773642748594284, 0.01777973584830761, 0.016863523051142693, 0.017545247450470924, 0.016233503818511963, 0.01835249736905098, 0.011360570788383484]]}, "GRU": {"Train_Loss(MAE)": [[10.76651382446289, 0.20643824338912964, 0.028287528082728386, 0.026707155629992485, 0.02621961198747158, 0.024395769461989403, 0.023456141352653503, 0.022981388494372368, 0.022762654349207878, 0.022430529817938805], [9.010651588439941, 0.08870863169431686, 0.027077022939920425, 0.02264798991382122, 0.020441237837076187, 0.01707383245229721, 0.015916982665657997, 0.028540559113025665, 0.023596392944455147, 0.02016853354871273], [8.790822982788086, 0.21614693105220795, 0.0231766439974308, 0.019812850281596184, 0.016967816278338432, 0.015816712751984596, 0.015158533118665218, 0.014824053272604942, 0.014878196641802788, 0.015224268659949303]], "Val_Loss(MAE)": [[0.285002738237381, 0.02855159528553486, 0.015663834288716316, 0.02092934213578701, 0.017853952944278717, 0.015002617612481117, 0.018300043419003487, 0.016079504042863846, 0.018000410869717598, 0.01741272397339344], [0.28518742322921753, 0.01759081520140171, 0.03496762737631798, 0.013350995257496834, 0.009098350070416927, 0.0087645398452878, 0.016322746872901917, 0.01598825305700302, 0.015016403049230576, 0.015115219168365002], [0.28561511635780334, 0.017893563956022263, 0.01513965055346489, 0.012636944651603699, 0.013407396152615547, 0.017077099531888962, 0.020132698118686676, 0.012734699994325638, 0.014000382274389267, 0.01602235436439514]]}, "LSTM": {"Train_Loss(MAE)": [[11.312712669372559, 0.11539077758789062, 0.02421625703573227, 0.02369145303964615, 0.02336754836142063, 0.02317710593342781, 0.023086125031113625, 0.022958630695939064, 0.02287064678966999, 0.022709621116518974], [9.367563247680664, 0.20919637382030487, 0.03791322559118271, 0.03302817419171333, 0.029720904305577278, 0.027538320049643517, 0.026021059602499008, 0.022948507219552994, 0.02011578343808651, 0.018999531865119934], [6.8160786628723145, 0.16228187084197998, 0.02532934956252575, 0.02461598999798298, 0.023929497227072716, 0.02323850616812706, 0.022448161616921425, 0.02184121310710907, 0.020642459392547607, 0.019294152036309242]], "Val_Loss(MAE)": [[0.28493979573249817, 0.01459097396582365, 0.01574474386870861, 0.01406192034482956, 0.015328212641179562, 0.015287347137928009, 0.015537770465016365, 0.017369985580444336, 0.016118519008159637, 0.016316931694746017], [0.28490981459617615, 0.029000213369727135, 0.01924443617463112, 0.024336686357855797, 0.02355002425611019, 0.02450471930205822, 0.0282350555062294, 0.033090729266405106, 0.04562179371714592, 0.04935174062848091], [0.2849840819835663, 0.015116114169359207, 0.01388309895992279, 0.014639872126281261, 0.014515128917992115, 0.015005254186689854, 0.01744619943201542, 0.01854110322892666, 0.016241025179624557, 0.01458726916462183]]}}