{"RNN": {"Train_Loss(MAE)": [[2.6003763675689697, 0.03232454136013985, 0.030635429546236992, 0.029144475236535072, 0.028172537684440613, 0.027265194803476334, 0.026755090802907944, 0.026510104537010193, 0.02628401853144169, 0.025852695107460022], [4.537417888641357, 0.030369896441698074, 0.027896396815776825, 0.026715947315096855, 0.025825664401054382, 0.024280989542603493, 0.022089950740337372, 0.020936118438839912, 0.01981506496667862, 0.019094347953796387], [10.22769546508789, 0.27524498105049133, 0.10626482218503952, 0.0301216933876276, 0.027830805629491806, 0.0264310073107481, 0.02566262148320675, 0.025324169546365738, 0.02473389357328415, 0.02435615099966526], [17.84971046447754, 0.27510905265808105, 0.27155017852783203, 0.035800326615571976, 0.03033616580069065, 0.028619861230254173, 0.026124779134988785, 0.02347898855805397, 0.02259623445570469, 0.02202947810292244], [26.983951568603516, 10.660261154174805, 0.45367419719696045, 0.2750989496707916, 0.2751100957393646, 0.1878042072057724, 0.03508685901761055, 0.030978942289948463, 0.028728118166327477, 0.027001123875379562]], "Val_Loss(MAE)": [[0.018427101895213127, 0.02156224474310875, 0.024050455540418625, 0.022410843521356583, 0.01836530677974224, 0.02293846756219864, 0.022100208327174187, 0.02063235081732273, 0.02095719240605831, 0.0262586772441864], [0.020630761981010437, 0.02156190760433674, 0.017965776845812798, 0.019597487524151802, 0.019845545291900635, 0.01750805974006653, 0.01822953298687935, 0.021538328379392624, 0.014780889265239239, 0.018004950135946274], [0.28495845198631287, 0.28550446033477783, 0.016275372356176376, 0.017855392768979073, 0.015700921416282654, 0.019222836941480637, 0.016514064744114876, 0.01664121076464653, 0.021393660455942154, 0.02066441997885704], [0.2850050926208496, 0.28500476479530334, 0.05016100034117699, 0.018924424424767494, 0.020069867372512817, 0.020010940730571747, 0.018049465492367744, 0.016434738412499428, 0.015086878091096878, 0.01590944640338421], [18.671382904052734, 2.631913900375366, 0.28486722707748413, 0.28493502736091614, 0.2849864065647125, 0.02411707490682602, 0.018072396516799927, 0.0169372595846653, 0.015841515734791756, 0.01575014367699623]]}, "GRU": {"Train_Loss(MAE)": [[2.2710235118865967, 0.02829797752201557, 0.02187519706785679, 0.018965549767017365, 0.01752820983529091, 0.01665244624018669, 0.015614933334290981, 0.015065928921103477, 0.01436676923185587, 0.013680581003427505], [4.117443561553955, 0.03558838367462158, 0.026951320469379425, 0.022635405883193016, 0.020073654130101204, 0.01826576702296734, 0.017295097932219505, 0.01605973392724991, 0.015233590267598629, 0.014366836287081242], [7.775033473968506, 0.25995317101478577, 0.03796171024441719, 0.030155956745147705, 0.02710689976811409, 0.024742387235164642, 0.022728580981492996, 0.02123917266726494, 0.020402219146490097, 0.019374147057533264], [17.028066635131836, 0.2751109302043915, 0.1112685352563858, 0.0301456768065691, 0.027234535664319992, 0.025203345343470573, 0.023915672674775124, 0.022753307595849037, 0.02141382358968258, 0.0205437783151865], [28.414188385009766, 13.712653160095215, 1.6293649673461914, 0.27509763836860657, 0.2751041054725647, 0.2751178443431854, 0.27516162395477295, 0.0679551512002945, 0.030678188428282738, 0.028202345594763756]], "Val_Loss(MAE)": [[0.016508707776665688, 0.0181732140481472, 0.04103919863700867, 0.04890017583966255, 0.03211178630590439, 0.03476395830512047, 0.03106612153351307, 0.02799408696591854, 0.04008731618523598, 0.03480951115489006], [0.026982799172401428, 0.015496970154345036, 0.018952222540974617, 0.03611075505614281, 0.05783765763044357, 0.05818140134215355, 0.05431520193815231, 0.06309305131435394, 0.07683436572551727, 0.07601870596408844], [0.28488975763320923, 0.0217280350625515, 0.019652146846055984, 0.017142001539468765, 0.024392489343881607, 0.03880711644887924, 0.045440737158060074, 0.047993551939725876, 0.039690058678388596, 0.040071383118629456], [0.28498029708862305, 0.28487274050712585, 0.017370140179991722, 0.02250053733587265, 0.017183592543005943, 0.01998099312186241, 0.020954955369234085, 0.02341350167989731, 0.02797061949968338, 0.030371325090527534], [20.913469314575195, 6.489387035369873, 0.2849511206150055, 0.2849526107311249, 0.28489255905151367, 0.28492796421051025, 0.2850038707256317, 0.016133343800902367, 0.017887037247419357, 0.01619587279856205]]}, "LSTM": {"Train_Loss(MAE)": [[2.369396924972534, 0.031877435743808746, 0.0277410801500082, 0.024002060294151306, 0.02141484245657921, 0.019913502037525177, 0.018871229141950607, 0.017918959259986877, 0.017325356602668762, 0.016715439036488533], [4.906452178955078, 0.03501430153846741, 0.02977144345641136, 0.02675948478281498, 0.025199398398399353, 0.022838905453681946, 0.020500442013144493, 0.019249318167567253, 0.018168071284890175, 0.017224885523319244], [8.372465133666992, 0.1265677660703659, 0.03659134358167648, 0.031512416899204254, 0.02895805612206459, 0.026809806004166603, 0.02565959468483925, 0.024903224781155586, 0.0243182685226202, 0.023919831961393356], [15.867820739746094, 0.2751157581806183, 0.2670576572418213, 0.04329303279519081, 0.036650512367486954, 0.033883702009916306, 0.03170202299952507, 0.029728077352046967, 0.028344783931970596, 0.027285361662507057], [25.710359573364258, 9.517618179321289, 0.32604047656059265, 0.27509769797325134, 0.2751109004020691, 0.12256135046482086, 0.03886634483933449, 0.03560718148946762, 0.03170261159539223, 0.02974114753305912]], "Val_Loss(MAE)": [[0.023029716685414314, 0.02155330777168274, 0.020382722839713097, 0.017564324662089348, 0.01745142787694931, 0.02157391794025898, 0.023842137306928635, 0.022468749433755875, 0.020833024755120277, 0.019608639180660248], [0.026064852252602577, 0.025134723633527756, 0.02511442080140114, 0.031197156757116318, 0.03217915818095207, 0.027563078328967094, 0.03196541219949722, 0.02986382506787777, 0.027609100565314293, 0.029925784096121788], [0.28500857949256897, 0.02121901698410511, 0.02041088603436947, 0.025698581710457802, 0.030494926497340202, 0.034988705068826675, 0.036621347069740295, 0.03868638351559639, 0.03679888695478439, 0.03746286779642105], [0.28498464822769165, 0.2849499583244324, 0.049534182995557785, 0.022190406918525696, 0.022157715633511543, 0.017433853819966316, 0.01621936447918415, 0.017252568155527115, 0.018559029325842857, 0.022722238674759865], [17.49543571472168, 1.507218360900879, 0.28501763939857483, 0.28500059247016907, 0.2849091589450836, 0.030161676928400993, 0.024607539176940918, 0.02585206925868988, 0.033300869166851044, 0.03433658927679062]]}}