{"RNN": {"Train_Loss(MAE)": [[2.804400682449341, 0.01383602898567915, 0.011149407364428043, 0.009178672917187214, 0.028418544679880142, 0.008195311762392521, 0.007428850047290325, 0.0071846176870167255, 0.007066857535392046, 0.006947668734937906], [6.258087158203125, 0.015198254026472569, 0.012667042203247547, 0.010482622310519218, 0.009246936067938805, 0.008624594658613205, 0.008190024644136429, 0.007790670730173588, 0.007487785536795855, 0.0071348827332258224], [10.800381660461426, 0.18908272683620453, 0.01725858449935913, 0.013537886552512646, 0.0111598065122962, 0.010144046507775784, 0.009573981165885925, 0.00885242223739624, 0.008185840211808681, 0.007667631842195988], [19.342485427856445, 0.37280941009521484, 0.2412506341934204, 0.12019281089305878, 0.021072708070278168, 0.016116097569465637, 0.01316987257450819, 0.01166628859937191, 0.011140573769807816, 0.010696690529584885], [29.473615646362305, 17.54022979736328, 5.695596218109131, 0.24117949604988098, 0.24119381606578827, 0.2412077933549881, 0.24123872816562653, 0.22170177102088928, 0.022368840873241425, 0.01586606167256832]], "Val_Loss(MAE)": [[0.011511147022247314, 0.02044263482093811, 0.03186766430735588, 0.03853248432278633, 0.02191491425037384, 0.04218362644314766, 0.04379475861787796, 0.04327668249607086, 0.04832078889012337, 0.047017406672239304], [0.018423674628138542, 0.00779314897954464, 0.0105947470292449, 0.024687649682164192, 0.028638366609811783, 0.037033844739198685, 0.03790624812245369, 0.03717447444796562, 0.037095166742801666, 0.03697369620203972], [0.2413828819990158, 0.010646888986229897, 0.006343485321849585, 0.01840047910809517, 0.026969734579324722, 0.027017107233405113, 0.028655868023633957, 0.03414223715662956, 0.03833448886871338, 0.03758251294493675], [3.122206211090088, 0.241324320435524, 0.24129338562488556, 0.01462592463940382, 0.02074812352657318, 0.024054573848843575, 0.035580553114414215, 0.02966916933655739, 0.03807198256254196, 0.03587641566991806], [23.414737701416016, 11.663686752319336, 0.24130165576934814, 0.2412969470024109, 0.2412974238395691, 0.24132661521434784, 0.24130399525165558, 0.020359542220830917, 0.007255328353494406, 0.006777712143957615]]}, "GRU": {"Train_Loss(MAE)": [[2.436028480529785, 0.01430121622979641, 0.009988677687942982, 0.007926393300294876, 0.006797648034989834, 0.006205180659890175, 0.005786512047052383, 0.005551869049668312, 0.005354785826057196, 0.005309783387929201], [6.755978107452393, 0.0408923402428627, 0.010870041325688362, 0.00874351430684328, 0.00781548023223877, 0.007149589713662863, 0.0066741108894348145, 0.006307624746114016, 0.006087041459977627, 0.005832884460687637], [10.991934776306152, 0.24131514132022858, 0.2298431545495987, 0.021869642660021782, 0.015296963974833488, 0.013072662986814976, 0.010621237568557262, 0.009049723856151104, 0.008158445358276367, 0.007676298264414072], [28.376585006713867, 11.095288276672363, 0.28909456729888916, 0.24122832715511322, 0.24127790331840515, 0.12757697701454163, 0.014552951790392399, 0.0099797323346138, 0.007738880813121796, 0.006930218078196049], [30.26120948791504, 19.638124465942383, 9.21471881866455, 0.9238017797470093, 0.24117667973041534, 0.24118837714195251, 0.24121209979057312, 0.24123914539813995, 0.24125245213508606, 0.12295820564031601]], "Val_Loss(MAE)": [[0.02201755903661251, 0.023844683542847633, 0.023099014535546303, 0.029893767088651657, 0.03916788101196289, 0.039877645671367645, 0.04142514243721962, 0.04109550267457962, 0.043378181755542755, 0.04980103671550751], [0.24173609912395477, 0.03405329957604408, 0.04193989187479019, 0.03915183246135712, 0.035570114850997925, 0.03903593868017197, 0.038478124886751175, 0.03957955539226532, 0.040495824068784714, 0.040632523596286774], [0.24138860404491425, 0.24140644073486328, 0.018825385719537735, 0.005422036629170179, 0.009843004867434502, 0.01616436056792736, 0.025679942220449448, 0.0323677659034729, 0.026186862960457802, 0.034219276160001755], [20.47994613647461, 1.560667872428894, 0.2413511872291565, 0.24132965505123138, 0.2413746565580368, 0.005890853237360716, 0.006766168866306543, 0.022612733766436577, 0.03113282471895218, 0.03124448098242283], [24.85967254638672, 14.414776802062988, 4.004148483276367, 0.24130122363567352, 0.2413167953491211, 0.2412947565317154, 0.24135302007198334, 0.24144084751605988, 0.24139344692230225, 0.019326316192746162]]}, "LSTM": {"Train_Loss(MAE)": [[3.6367688179016113, 0.014360861852765083, 0.00927042867988348, 0.00723374355584383, 0.006395699456334114, 0.005918658338487148, 0.005608068313449621, 0.005335875321179628, 0.005107661243528128, 0.004920689854770899], [5.682461261749268, 0.016395244747400284, 0.010890684090554714, 0.008608464151620865, 0.0073822191916406155, 0.006676908116787672, 0.006167329847812653, 0.005827710032463074, 0.005538689438253641, 0.0053517865017056465], [15.11889934539795, 0.24126453697681427, 0.031258486211299896, 0.014562604017555714, 0.012259319424629211, 0.010503574274480343, 0.009248029440641403, 0.008313817903399467, 0.007481125183403492, 0.0069869947619736195], [24.021432876586914, 3.2084767818450928, 0.24121753871440887, 0.23079365491867065, 0.017263013869524002, 0.01370719913393259, 0.012221459299325943, 0.010975949466228485, 0.00992797315120697, 0.009113729931414127], [29.389324188232422, 16.510726928710938, 3.5611624717712402, 0.24117709696292877, 0.24119453132152557, 0.24120770394802094, 0.24123914539813995, 0.14691032469272614, 0.020665135234594345, 0.017561597749590874]], "Val_Loss(MAE)": [[0.0056892139837145805, 0.012425180524587631, 0.026794958859682083, 0.03713411092758179, 0.03875890374183655, 0.04189949482679367, 0.04018506780266762, 0.03833984211087227, 0.038238950073719025, 0.03994080424308777], [0.008712799288332462, 0.012967671267688274, 0.02412508986890316, 0.0239883940666914, 0.032916389405727386, 0.03096797876060009, 0.03156282752752304, 0.03320743143558502, 0.03732798248529434, 0.034494027495384216], [0.2413303703069687, 0.24133293330669403, 0.005613578949123621, 0.0038137196097522974, 0.005472498945891857, 0.0073854997754096985, 0.011997117660939693, 0.007347351871430874, 0.010162435472011566, 0.009681077674031258], [12.036160469055176, 0.24131180346012115, 0.24140383303165436, 0.015576486475765705, 0.006814311258494854, 0.008450321853160858, 0.004747029393911362, 0.004429248161613941, 0.005767552647739649, 0.007398959714919329], [23.233524322509766, 9.606239318847656, 0.2413150519132614, 0.2413185089826584, 0.24133184552192688, 0.24129755795001984, 0.24138309061527252, 0.010331020690500736, 0.009707814082503319, 0.009630369022488594]]}}