{"RNN": {"Train_Loss(MAE)": [[0.4580659568309784, 0.24852681159973145, 0.24816350638866425, 0.2485005110502243, 0.24771854281425476, 0.2485414296388626, 0.24852204322814941, 0.2486998438835144, 0.24836041033267975, 0.24819859862327576], [1.477735161781311, 0.2428862452507019, 0.24296830594539642, 0.24286380410194397, 0.24262219667434692, 0.24280089139938354, 0.24255137145519257, 0.24269011616706848, 0.24294209480285645, 0.24281296133995056], [2.681955337524414, 0.09903805702924728, 0.023730922490358353, 0.020998237654566765, 0.01895703561604023, 0.018374646082520485, 0.017689667642116547, 0.017348583787679672, 0.017452362924814224, 0.017352180555462837], [9.297085762023926, 0.044670332223176956, 0.013154083862900734, 0.010939312167465687, 0.009553755633533001, 0.00812474638223648, 0.007507259491831064, 0.007097096648067236, 0.006899121217429638, 0.006678341887891293]], "Val_Loss(MAE)": [[0.2576558589935303, 0.2478332668542862, 0.24149750173091888, 0.24959814548492432, 0.24166207015514374, 0.24309277534484863, 0.24686244130134583, 0.2552436888217926, 0.2419508695602417, 0.25229737162590027], [0.2425418347120285, 0.24133895337581635, 0.24141579866409302, 0.24143746495246887, 0.24176277220249176, 0.24138770997524261, 0.24207744002342224, 0.24146497249603271, 0.24539948999881744, 0.24507084488868713], [0.24129430949687958, 0.03668782487511635, 0.04197051748633385, 0.028875375166535378, 0.030622757971286774, 0.035649314522743225, 0.035053711384534836, 0.03535768389701843, 0.03973262384533882, 0.03347674757242203], [0.24132363498210907, 0.008078895509243011, 0.014943483285605907, 0.006455712020397186, 0.0173176322132349, 0.02215874195098877, 0.02993234246969223, 0.030325930565595627, 0.03452096879482269, 0.03288085013628006]]}, "GRU": {"Train_Loss(MAE)": [[0.47056278586387634, 0.24758365750312805, 0.24831368029117584, 0.2478608340024948, 0.24837155640125275, 0.24713094532489777, 0.24822117388248444, 0.24773761630058289, 0.2472217082977295, 0.24794213473796844], [1.4239919185638428, 0.14190782606601715, 0.120879165828228, 0.04903382807970047, 0.043026894330978394, 0.03988470882177353, 0.03896580636501312, 0.03797616809606552, 0.037437278777360916, 0.033438026905059814], [2.0449607372283936, 0.028408609330654144, 0.019353287294507027, 0.016413738951086998, 0.015171214006841183, 0.014360706321895123, 0.013990412466228008, 0.013620392419397831, 0.01965975947678089, 0.032375507056713104], [7.895993232727051, 0.13872317969799042, 0.018941359594464302, 0.012590440921485424, 0.009149465709924698, 0.0076899840496480465, 0.0068672578781843185, 0.006429700180888176, 0.006029903888702393, 0.005888910032808781]], "Val_Loss(MAE)": [[0.24258898198604584, 0.24144497513771057, 0.24158436059951782, 0.24446594715118408, 0.24286742508411407, 0.24671708047389984, 0.25403815507888794, 0.25090616941452026, 0.24130143225193024, 0.24876485764980316], [0.1431303322315216, 0.13380998373031616, 0.10431578755378723, 0.12818463146686554, 0.05946744605898857, 0.07234396785497665, 0.10130203515291214, 0.025355609133839607, 0.11817318946123123, 0.046592049300670624], [0.0944671705365181, 0.04388812929391861, 0.04222637414932251, 0.04192765802145004, 0.041505035012960434, 0.04399625211954117, 0.047179318964481354, 0.0406775064766407, 0.07358067482709885, 0.07474059611558914], [0.2413882613182068, 0.01456912700086832, 0.017385264858603477, 0.04685052111744881, 0.04570043087005615, 0.054383039474487305, 0.05847475677728653, 0.06899368762969971, 0.0648052841424942, 0.06784675270318985]]}, "LSTM": {"Train_Loss(MAE)": [[0.5015742182731628, 0.24693229794502258, 0.24736294150352478, 0.24769558012485504, 0.2470497488975525, 0.24732869863510132, 0.24701689183712006, 0.24723953008651733, 0.2474355399608612, 0.24739184975624084], [1.107183575630188, 0.020264657214283943, 0.017547128722071648, 0.016710538417100906, 0.0156774390488863, 0.014731894247233868, 0.014300649054348469, 0.013312757015228271, 0.013123758137226105, 0.012731796130537987], [2.188638925552368, 0.015112670138478279, 0.012161662802100182, 0.01054227352142334, 0.009513993747532368, 0.008988014422357082, 0.008673862554132938, 0.008068342693150043, 0.007609657011926174, 0.007417294196784496], [11.529962539672852, 0.22312425076961517, 0.01989315077662468, 0.0145945455878973, 0.011768474243581295, 0.009670302271842957, 0.008551878854632378, 0.007831963710486889, 0.007408332545310259, 0.006988950073719025]], "Val_Loss(MAE)": [[0.2419026792049408, 0.24129442870616913, 0.24156874418258667, 0.2568374276161194, 0.2569725215435028, 0.24144122004508972, 0.2528734803199768, 0.24491901695728302, 0.24618470668792725, 0.2563072443008423], [0.041130200028419495, 0.06563518196344376, 0.03236210346221924, 0.03136732801795006, 0.04999154806137085, 0.028086474165320396, 0.03301338106393814, 0.046733107417821884, 0.04644469544291496, 0.0178773645311594], [0.015481929294764996, 0.008548768237233162, 0.027319783344864845, 0.03149689361453056, 0.022023355588316917, 0.019259586930274963, 0.02441893331706524, 0.022795647382736206, 0.02307775430381298, 0.0202828049659729], [0.24139833450317383, 0.015008957125246525, 0.011511408723890781, 0.007838583551347256, 0.013211130164563656, 0.012563562020659447, 0.013286585919559002, 0.017590578645467758, 0.01846989244222641, 0.017714839428663254]]}}