{"RNN": {"Train_Loss(MAE)": [[0.42177942395210266, 0.2831586003303528, 0.282757431268692, 0.28356388211250305, 0.2827482521533966, 0.28259381651878357, 0.28266507387161255, 0.28287357091903687, 0.2824527323246002, 0.28289055824279785], [1.3113175630569458, 0.16658645868301392, 0.15577001869678497, 0.1553366631269455, 0.15136341750621796, 0.1386735588312149, 0.12974342703819275, 0.1236695870757103, 0.10790068656206131, 0.10534822940826416], [2.1039223670959473, 0.05798441171646118, 0.044956330209970474, 0.041490621864795685, 0.040833499282598495, 0.03965555876493454, 0.03801116347312927, 0.03792322799563408, 0.037396807223558426, 0.03660913556814194], [9.987981796264648, 0.14166313409805298, 0.03204131871461868, 0.029202571138739586, 0.02790660969913006, 0.027097215875983238, 0.026376787573099136, 0.023427383974194527, 0.0215015709400177, 0.02009146474301815]], "Val_Loss(MAE)": [[0.28908732533454895, 0.2858055531978607, 0.32478123903274536, 0.2939845025539398, 0.2985873818397522, 0.2848738431930542, 0.2851088345050812, 0.2892177104949951, 0.29208171367645264, 0.2873461842536926], [0.28877753019332886, 0.14847330749034882, 0.14582300186157227, 0.1529938280582428, 0.14300565421581268, 0.13408921658992767, 0.1432373821735382, 0.10620062798261642, 0.13039854168891907, 0.1162794828414917], [0.1383121907711029, 0.02999715693295002, 0.05326820909976959, 0.03772509843111038, 0.04439760372042656, 0.06329409033060074, 0.04289894551038742, 0.059893712401390076, 0.04485228285193443, 0.046497296541929245], [0.2850987911224365, 0.017438838258385658, 0.01881416141986847, 0.01854332722723484, 0.01776992157101631, 0.01778334006667137, 0.022326651960611343, 0.024007733911275864, 0.02890314720571041, 0.030729074031114578]]}, "GRU": {"Train_Loss(MAE)": [[0.4641149044036865, 0.2811763882637024, 0.2809799611568451, 0.28111693263053894, 0.28172504901885986, 0.28124895691871643, 0.2809296250343323, 0.28114333748817444, 0.2813055217266083, 0.28081774711608887], [1.3976563215255737, 0.2764245569705963, 0.2765238285064697, 0.27640315890312195, 0.2764332890510559, 0.2764522433280945, 0.2764010429382324, 0.27648046612739563, 0.27645787596702576, 0.2763693630695343], [1.6615512371063232, 0.048716265708208084, 0.038653600960969925, 0.03609354421496391, 0.03375569358468056, 0.03230539336800575, 0.030835280194878578, 0.02922735922038555, 0.02757824771106243, 0.026232894510030746], [14.519250869750977, 0.2751612961292267, 0.052686240524053574, 0.02692181058228016, 0.023077530786395073, 0.021078437566757202, 0.019534775987267494, 0.01844431646168232, 0.017742881551384926, 0.01710074208676815]], "Val_Loss(MAE)": [[0.29186636209487915, 0.2875806391239166, 0.2867179811000824, 0.2848837077617645, 0.2849630117416382, 0.2898590862751007, 0.29498064517974854, 0.28681445121765137, 0.290640652179718, 0.28763633966445923], [0.2849389910697937, 0.29112476110458374, 0.28507786989212036, 0.28530222177505493, 0.28783464431762695, 0.2881966829299927, 0.2879098653793335, 0.286438524723053, 0.2852250933647156, 0.2853200435638428], [0.1204366460442543, 0.058583956211805344, 0.05766110494732857, 0.05595546215772629, 0.05559886246919632, 0.058911990374326706, 0.051433298736810684, 0.05128216743469238, 0.04333189129829407, 0.03563603013753891], [0.28503695130348206, 0.28491640090942383, 0.01608983986079693, 0.018178388476371765, 0.012661891058087349, 0.01440080814063549, 0.022157851606607437, 0.016569651663303375, 0.017293639481067657, 0.022438030689954758]]}, "LSTM": {"Train_Loss(MAE)": [[0.6197240352630615, 0.27918002009391785, 0.2788499891757965, 0.27904555201530457, 0.27914032340049744, 0.2789173424243927, 0.2790464460849762, 0.2791318893432617, 0.27915480732917786, 0.27904021739959717], [1.1177242994308472, 0.038024358451366425, 0.0345340333878994, 0.03423035889863968, 0.03256655111908913, 0.03029940091073513, 0.028783679008483887, 0.028946802020072937, 0.02770296297967434, 0.02761341631412506], [2.281129837036133, 0.031979408115148544, 0.028404615819454193, 0.026152679696679115, 0.02526910789310932, 0.02455241233110428, 0.02658308669924736, 0.02486293949186802, 0.02480216510593891, 0.02408931776881218], [7.963760852813721, 0.14069387316703796, 0.03575265407562256, 0.029998376965522766, 0.028353195637464523, 0.02748732455074787, 0.026870224624872208, 0.025138860568404198, 0.022471945732831955, 0.020793652161955833]], "Val_Loss(MAE)": [[0.2850797176361084, 0.29529282450675964, 0.2869685888290405, 0.2851458489894867, 0.289603054523468, 0.2910105586051941, 0.3011430501937866, 0.28623583912849426, 0.2864091992378235, 0.28671401739120483], [0.04933633282780647, 0.03055456653237343, 0.02750365063548088, 0.033365510404109955, 0.026274006813764572, 0.027055524289608, 0.028606299310922623, 0.028991028666496277, 0.03236217051744461, 0.02554209530353546], [0.022457128390669823, 0.01865551434457302, 0.032348159700632095, 0.022969501093029976, 0.0297958105802536, 0.023582298308610916, 0.04116382077336311, 0.03017413057386875, 0.03656691312789917, 0.02217952348291874], [0.28524649143218994, 0.03910856693983078, 0.02556026540696621, 0.026084471493959427, 0.02872055396437645, 0.033413298428058624, 0.029407186433672905, 0.03333653137087822, 0.031749460846185684, 0.029706919565796852]]}}