{"RNN": {"Train_Loss(MAE)": [[12.212942123413086, 0.2752898633480072, 0.27534598112106323, 0.2753634452819824, 0.2753438651561737, 0.2753300964832306, 0.2753506004810333, 0.27534419298171997, 0.27534234523773193, 0.2753397822380066, 0.27535703778266907, 0.2753526270389557, 0.2753625810146332, 0.27534401416778564, 0.27535930275917053, 0.2753518223762512, 0.27534353733062744, 0.27532970905303955, 0.27536430954933167, 0.2753395438194275], [7.469046115875244, 0.034695614129304886, 0.03136913478374481, 0.028354041278362274, 0.024267349392175674, 0.022950630635023117, 0.02240239642560482, 0.02180122584104538, 0.021360833197832108, 0.02102423645555973, 0.020606275647878647, 0.020246414467692375, 0.020064961165189743, 0.0196700282394886, 0.019349919632077217, 0.019168822094798088, 0.018891148269176483, 0.018456513062119484, 0.018260374665260315, 0.017718572169542313], [11.620247840881348, 0.22576923668384552, 0.031253255903720856, 0.026825424283742905, 0.02455819770693779, 0.023272430524230003, 0.022372642531991005, 0.021279189735651016, 0.02027573436498642, 0.019355107098817825, 0.01865367591381073, 0.018043898046016693, 0.017587048932909966, 0.017110567539930344, 0.01654958538711071, 0.016284633427858353, 0.015942029654979706, 0.01563987322151661, 0.015238777734339237, 0.014979356899857521]], "Val_Loss(MAE)": [[0.2812182605266571, 0.2813693583011627, 0.28175869584083557, 0.2815598249435425, 0.2824271023273468, 0.2815702259540558, 0.2812736928462982, 0.281232088804245, 0.28118517994880676, 0.2811394929885864, 0.2813122272491455, 0.28129613399505615, 0.2811574935913086, 0.2811945676803589, 0.2812407910823822, 0.28151142597198486, 0.28111588954925537, 0.28111937642097473, 0.28122764825820923, 0.2823783755302429], [0.020859895274043083, 0.015601381659507751, 0.0199819914996624, 0.022895293310284615, 0.013759591616690159, 0.021396586671471596, 0.02614976279437542, 0.021506773307919502, 0.022173264995217323, 0.021161410957574844, 0.02385844476521015, 0.026725389063358307, 0.033306222409009933, 0.026225393638014793, 0.033798716962337494, 0.030614502727985382, 0.03565645590424538, 0.03946353867650032, 0.043350063264369965, 0.050271522253751755], [0.28109464049339294, 0.0188307948410511, 0.016673194244503975, 0.01547238789498806, 0.012858180329203606, 0.016307391226291656, 0.014266448095440865, 0.01627895049750805, 0.013389034196734428, 0.01524754986166954, 0.021339761093258858, 0.02099241316318512, 0.02606663480401039, 0.024301204830408096, 0.02310357615351677, 0.025781385600566864, 0.027809636667370796, 0.03308073431253433, 0.027417192235589027, 0.029579736292362213]]}, "GRU": {"Train_Loss(MAE)": [[8.362735748291016, 0.04775264486670494, 0.026876648887991905, 0.025098899379372597, 0.023946478962898254, 0.022891579195857048, 0.02212209813296795, 0.02167353220283985, 0.021315040066838264, 0.020989179611206055, 0.020846012979745865, 0.02069253660738468, 0.0206028763204813, 0.020516715943813324, 0.020410528406500816, 0.020206108689308167, 0.020129332318902016, 0.019936783239245415, 0.019630471244454384, 0.019123107194900513], [9.886028289794922, 0.2753292918205261, 0.05359366536140442, 0.030005764216184616, 0.026592306792736053, 0.024425381794571877, 0.022669561207294464, 0.0211979728192091, 0.019839173182845116, 0.018781885504722595, 0.01794322580099106, 0.016843648627400398, 0.015567605383694172, 0.01471829041838646, 0.014105486683547497, 0.013424305245280266, 0.013023249804973602, 0.012516631744801998, 0.012117690406739712, 0.011782011948525906], [9.205222129821777, 0.2753761410713196, 0.24377159774303436, 0.025463154539465904, 0.021063273772597313, 0.017636964097619057, 0.016646718606352806, 0.016022948548197746, 0.015126949176192284, 0.014578023925423622, 0.015206532552838326, 0.014382319524884224, 0.013653133995831013, 0.013109059073030949, 0.01282543409615755, 0.012624522671103477, 0.012327862903475761, 0.013463697396218777, 0.01317894458770752, 0.012238717637956142]], "Val_Loss(MAE)": [[0.2810085713863373, 0.01446580234915018, 0.013081114739179611, 0.013838957995176315, 0.020175805315375328, 0.016212519258260727, 0.014744735322892666, 0.01502129714936018, 0.014720638282597065, 0.015972737222909927, 0.01511988416314125, 0.015252642333507538, 0.01628277450799942, 0.015963200479745865, 0.01605677418410778, 0.01499993447214365, 0.017960531637072563, 0.016317002475261688, 0.014736447483301163, 0.014285152778029442], [0.2811130881309509, 0.2811759412288666, 0.017824051901698112, 0.0145315146073699, 0.01133301667869091, 0.010068412870168686, 0.019577408209443092, 0.0373084656894207, 0.03375459089875221, 0.041095901280641556, 0.03431690111756325, 0.031149154528975487, 0.04453015327453613, 0.03818361088633537, 0.05435401573777199, 0.0602482371032238, 0.059952620416879654, 0.05503728985786438, 0.06460428237915039, 0.06024770438671112], [0.2813779413700104, 0.2826245129108429, 0.017925774678587914, 0.021057046949863434, 0.013695458881556988, 0.015926875174045563, 0.010159775614738464, 0.011991837061941624, 0.010335031896829605, 0.010433992370963097, 0.022128058597445488, 0.010371641255915165, 0.009152521379292011, 0.00947329867631197, 0.013281892985105515, 0.007103626150637865, 0.00960210058838129, 0.012015911750495434, 0.011149135418236256, 0.007905326783657074]]}, "LSTM": {"Train_Loss(MAE)": [[9.674601554870605, 0.07293961942195892, 0.02543163113296032, 0.025013571605086327, 0.024435311555862427, 0.02341815084218979, 0.021542225033044815, 0.021287549287080765, 0.02118087187409401, 0.021046394482254982, 0.020990950986742973, 0.020907940343022346, 0.020781295374035835, 0.020754123106598854, 0.020623404532670975, 0.02053583785891533, 0.020438265055418015, 0.0204167403280735, 0.020338531583547592, 0.020233221352100372], [9.370454788208008, 0.11608786880970001, 0.03655986115336418, 0.03268872946500778, 0.029944607987999916, 0.028143439441919327, 0.026858637109398842, 0.021571442484855652, 0.017992926761507988, 0.01649882271885872, 0.01560973096638918, 0.014717234298586845, 0.013868874870240688, 0.01322171837091446, 0.012624597176909447, 0.012182150967419147, 0.011678716167807579, 0.011280897073447704, 0.01089812908321619, 0.010513383895158768], [10.568031311035156, 0.27532345056533813, 0.07525867223739624, 0.025827791541814804, 0.02505873702466488, 0.024179505184292793, 0.02349286712706089, 0.022518359124660492, 0.020781559869647026, 0.018761886283755302, 0.01798621378839016, 0.017480116337537766, 0.017133308574557304, 0.016870886087417603, 0.016278358176350594, 0.016269752755761147, 0.01566436141729355, 0.015403839759528637, 0.014889943413436413, 0.014876284636557102]], "Val_Loss(MAE)": [[0.2817029058933258, 0.01562239695340395, 0.014110991731286049, 0.013977976515889168, 0.013197687454521656, 0.01441095769405365, 0.014079276472330093, 0.018485937267541885, 0.013791647739708424, 0.013484648428857327, 0.013943411409854889, 0.014397447928786278, 0.0151504622772336, 0.01380470022559166, 0.01436682790517807, 0.014966214075684547, 0.013404841534793377, 0.013479438610374928, 0.014131919480860233, 0.013725369237363338], [0.281525194644928, 0.01695307530462742, 0.029116276651620865, 0.016347510740160942, 0.015402217395603657, 0.015310192480683327, 0.024660563096404076, 0.02065025456249714, 0.02153748832643032, 0.024709206074476242, 0.024630868807435036, 0.027163837105035782, 0.030615732073783875, 0.02930254302918911, 0.039069078862667084, 0.036556050181388855, 0.04200543835759163, 0.04593309387564659, 0.046809107065200806, 0.04982352256774902], [0.2811036705970764, 0.28191930055618286, 0.015799101442098618, 0.02014889568090439, 0.01306989323347807, 0.0132949473336339, 0.016330717131495476, 0.012436473742127419, 0.013500798493623734, 0.016434786841273308, 0.015759624540805817, 0.014134534634649754, 0.01536378264427185, 0.020405417308211327, 0.01032976247370243, 0.014498528093099594, 0.009769978001713753, 0.017520854249596596, 0.013905832543969154, 0.011243732646107674]]}}