{"RNN": {"Train_Loss(MAE)": [[3.0388386249542236, 0.030289120972156525, 0.02966487966477871, 0.026947012171149254, 0.026124650612473488, 0.025219827890396118, 0.024410251528024673, 0.023710062727332115, 0.023431941866874695, 0.022913850843906403, 0.022408848628401756, 0.021979186683893204, 0.021801462396979332, 0.021406585350632668, 0.020920371636748314, 0.020846787840127945, 0.021133266389369965, 0.0225656908005476, 0.025451261550188065, 0.025016233325004578], [7.864041805267334, 0.034944139420986176, 0.02743079513311386, 0.02436119131743908, 0.023193569853901863, 0.021485542878508568, 0.021515419706702232, 0.027926160022616386, 0.02417280152440071, 0.019774815067648888, 0.018182827159762383, 0.017347684130072594, 0.016432510688900948, 0.015402638353407383, 0.01476660929620266, 0.014265473000705242, 0.013729002326726913, 0.013434511609375477, 0.013314008712768555, 0.012906264513731003], [10.371931076049805, 0.14050857722759247, 0.030985038727521896, 0.02834971807897091, 0.026806995272636414, 0.026070334017276764, 0.025589050725102425, 0.025190718472003937, 0.024856453761458397, 0.024608464911580086, 0.024379031732678413, 0.024177104234695435, 0.02401845157146454, 0.023808805271983147, 0.0235791876912117, 0.0233434047549963, 0.025989964604377747, 0.02928892895579338, 0.02558683417737484, 0.024530665948987007], [19.79258918762207, 0.3884240388870239, 0.1842508316040039, 0.03359450399875641, 0.029729969799518585, 0.027422623708844185, 0.024116169661283493, 0.02268710732460022, 0.021955613046884537, 0.021347887814044952, 0.020666569471359253, 0.019999435171484947, 0.019593512639403343, 0.01892058551311493, 0.01830875873565674, 0.017883462831377983, 0.01756284385919571, 0.01715795509517193, 0.016919519752264023, 0.016606437042355537], [25.397310256958008, 7.124944686889648, 0.2751854658126831, 0.2751888036727905, 0.27520492672920227, 0.2752501666545868, 0.14111100137233734, 0.03684893995523453, 0.032522544264793396, 0.031133590266108513, 0.03018375113606453, 0.029543962329626083, 0.029038667678833008, 0.02851073071360588, 0.028188129886984825, 0.027861375361680984, 0.027622690424323082, 0.027306318283081055, 0.026917273178696632, 0.026512326672673225]], "Val_Loss(MAE)": [[0.021137742325663567, 0.01955747976899147, 0.019832400605082512, 0.024762138724327087, 0.020353922620415688, 0.020166568458080292, 0.019348053261637688, 0.01366961095482111, 0.014057517983019352, 0.028875872492790222, 0.015531362034380436, 0.018196431919932365, 0.022124895825982094, 0.016658490523695946, 0.02438133768737316, 0.02608252875506878, 0.028918849304318428, 0.02135155349969864, 0.023113025352358818, 0.023823648691177368], [0.04885561391711235, 0.01738896407186985, 0.014662464149296284, 0.01576804555952549, 0.02233598195016384, 0.05195177346467972, 0.02154209092259407, 0.02073402889072895, 0.02081488072872162, 0.030960731208324432, 0.04966885596513748, 0.03368864953517914, 0.0450548455119133, 0.05730307474732399, 0.04717760533094406, 0.054481782019138336, 0.054877329617738724, 0.07175595313310623, 0.05767596513032913, 0.050302810966968536], [0.28122085332870483, 0.017022959887981415, 0.018752261996269226, 0.016589807346463203, 0.015338975004851818, 0.017402704805135727, 0.015354211442172527, 0.018000030890107155, 0.015666313469409943, 0.015251414850354195, 0.016905682161450386, 0.015838366001844406, 0.017139529809355736, 0.015825685113668442, 0.01846577599644661, 0.018895231187343597, 0.03529716283082962, 0.03249713033437729, 0.035877689719200134, 0.0335780568420887], [3.023435354232788, 0.2812543213367462, 0.016940990462899208, 0.017104513943195343, 0.01807960495352745, 0.014637392945587635, 0.01609984040260315, 0.012771598994731903, 0.013613536022603512, 0.016766248270869255, 0.02124946378171444, 0.019049515947699547, 0.02734280563890934, 0.023344391956925392, 0.020247166976332664, 0.031314101070165634, 0.03133729100227356, 0.033975858241319656, 0.031015006825327873, 0.036370713263750076], [16.032949447631836, 0.28127607703208923, 0.2811931371688843, 0.2812947928905487, 0.28137829899787903, 0.28110018372535706, 0.016871938481926918, 0.01878034695982933, 0.017780933529138565, 0.016549577936530113, 0.016996847465634346, 0.017906080931425095, 0.017603237181901932, 0.016366710886359215, 0.01569979079067707, 0.018171383067965508, 0.016977163031697273, 0.017860047519207, 0.0210768710821867, 0.018009094521403313]]}, "GRU": {"Train_Loss(MAE)": [[2.303370475769043, 0.02931956946849823, 0.02371351793408394, 0.020783012732863426, 0.019462529569864273, 0.01795109175145626, 0.01652837172150612, 0.015178012661635876, 0.014469035901129246, 0.013982225209474564, 0.013468313962221146, 0.013156033121049404, 0.012789664790034294, 0.012453155592083931, 0.012149996124207973, 0.011900676414370537, 0.011530720628798008, 0.011362056247889996, 0.011154916137456894, 0.010985004715621471], [4.517612457275391, 0.03178777918219566, 0.0275252778083086, 0.024416986852884293, 0.02127937041223049, 0.019673647359013557, 0.01854308694601059, 0.017613554373383522, 0.016820065677165985, 0.01614852249622345, 0.015605817548930645, 0.015058182179927826, 0.014637400396168232, 0.014337846077978611, 0.014024869538843632, 0.013698826543986797, 0.01329578086733818, 0.01292367372661829, 0.012649951502680779, 0.01237889751791954], [18.421157836914062, 0.05758741497993469, 0.027330532670021057, 0.02327488176524639, 0.021000053733587265, 0.019721316173672676, 0.018702467903494835, 0.018102042376995087, 0.017577610909938812, 0.01717182621359825, 0.016719898208975792, 0.01636066846549511, 0.015808172523975372, 0.015587614849209785, 0.015274968929588795, 0.01496273372322321, 0.014675112441182137, 0.014583311043679714, 0.014262986369431019, 0.014160523191094398], [22.788585662841797, 0.995885968208313, 0.03351977840065956, 0.029871782287955284, 0.026421567425131798, 0.02331751398742199, 0.02169640175998211, 0.020703919231891632, 0.01992829330265522, 0.01929297298192978, 0.018365222960710526, 0.017481481656432152, 0.01681356504559517, 0.016275988891720772, 0.0157940536737442, 0.015391693450510502, 0.015010752715170383, 0.015139649622142315, 0.014571952633559704, 0.014341645874083042], [30.234756469726562, 16.054664611816406, 3.097602128982544, 0.27518343925476074, 0.2751910090446472, 0.2752058506011963, 0.13498452305793762, 0.03677929565310478, 0.0337163470685482, 0.031812552362680435, 0.030535364523530006, 0.02867540717124939, 0.026871975511312485, 0.025502752512693405, 0.02419387549161911, 0.023373844102025032, 0.021913651376962662, 0.020695757120847702, 0.02001463621854782, 0.01988905854523182]],