{"RNN": {"Train_Loss(MAE)": [[0.4577021300792694, 0.2836966812610626, 0.2836644649505615, 0.28414708375930786, 0.28312864899635315, 0.28353485465049744, 0.283495157957077, 0.28363528847694397, 0.28372421860694885, 0.2823761999607086, 0.28383395075798035, 0.28346237540245056, 0.2833051383495331, 0.28402721881866455, 0.28352558612823486, 0.2833139896392822, 0.28344693779945374, 0.28392285108566284, 0.2832168936729431, 0.2842729985713959], [1.1078113317489624, 0.0858878344297409, 0.08157199621200562, 0.07972801476716995, 0.07928389310836792, 0.07832522690296173, 0.10742641985416412, 0.1026768684387207, 0.10269451886415482, 0.10118022561073303, 0.28593751788139343, 0.27679213881492615, 0.2767280340194702, 0.27678120136260986, 0.27662986516952515, 0.27683141827583313, 0.276806503534317, 0.2768270671367645, 0.2767757475376129, 0.2769324481487274], [1.7898197174072266, 0.2762557864189148, 0.2762288749217987, 0.2762491703033447, 0.2761184573173523, 0.2762126326560974, 0.2761264145374298, 0.27614670991897583, 0.27637404203414917, 0.2762051820755005, 0.2761797606945038, 0.27627089619636536, 0.2761308252811432, 0.2762241065502167, 0.2762250006198883, 0.276223748922348, 0.27615565061569214, 0.2762035131454468, 0.2762461304664612, 0.276136189699173], [12.866080284118652, 0.2753240168094635, 0.05776260793209076, 0.033843398094177246, 0.03190385550260544, 0.030006948858499527, 0.02880527265369892, 0.02792484126985073, 0.02723122201859951, 0.026624873280525208, 0.026254720985889435, 0.025887805968523026, 0.025635233148932457, 0.025459401309490204, 0.02530810609459877, 0.025145744904875755, 0.024970969185233116, 0.02471979707479477, 0.02466302365064621, 0.024487022310495377]], "Val_Loss(MAE)": [[0.2814767360687256, 0.28284308314323425, 0.2818036675453186, 0.2813743054866791, 0.29649269580841064, 0.30357131361961365, 0.29554709792137146, 0.2812890112400055, 0.2981584966182709, 0.2826078534126282, 0.28386640548706055, 0.281147837638855, 0.2904415726661682, 0.2826240062713623, 0.28211528062820435, 0.30721789598464966, 0.28227198123931885, 0.28604426980018616, 0.2816482484340668, 0.29740849137306213], [0.07357614487409592, 0.051962316036224365, 0.04640311002731323, 0.05973779782652855, 0.062225453555583954, 0.07223378121852875, 0.06132255867123604, 0.10990958660840988, 0.06252169609069824, 0.052824266254901886, 0.28629544377326965, 0.2812195122241974, 0.28440988063812256, 0.2874501049518585, 0.2832615375518799, 0.28127461671829224, 0.28123825788497925, 0.28181546926498413, 0.2824983298778534, 0.28180789947509766], [0.2812982201576233, 0.28238582611083984, 0.2830381989479065, 0.2820160686969757, 0.2810998558998108, 0.2811473309993744, 0.28119683265686035, 0.2877407968044281, 0.2813161611557007, 0.2817128598690033, 0.28179648518562317, 0.2814335227012634, 0.28154256939888, 0.28365635871887207, 0.2813551127910614, 0.2817600667476654, 0.28132036328315735, 0.28120702505111694, 0.28647634387016296, 0.2813549041748047], [0.28121960163116455, 0.281181275844574, 0.017551017925143242, 0.016512276604771614, 0.020639119669795036, 0.025191284716129303, 0.029189566150307655, 0.03628235310316086, 0.03333771973848343, 0.03465218469500542, 0.035773176699876785, 0.038323864340782166, 0.03368503227829933, 0.03989255428314209, 0.03665758669376373, 0.03946412354707718, 0.035889752209186554, 0.033714644610881805, 0.034250471740961075, 0.03756680339574814]]}, "GRU": {"Train_Loss(MAE)": [[0.47626227140426636, 0.28171148896217346, 0.28197023272514343, 0.2821967303752899, 0.28208988904953003, 0.28135398030281067, 0.2822112441062927, 0.2820664346218109, 0.2818149924278259, 0.2819150686264038, 0.2818876802921295, 0.28230592608451843, 0.28168150782585144, 0.28204354643821716, 0.2811117172241211, 0.281917542219162, 0.28205543756484985, 0.28226351737976074, 0.28152042627334595, 0.2822341024875641], [1.1262104511260986, 0.27677369117736816, 0.27687638998031616, 0.27695345878601074, 0.276775985956192, 0.27690765261650085, 0.27693870663642883, 0.2769257128238678, 0.27686163783073425, 0.2769700884819031, 0.2769204080104828, 0.2768378257751465, 0.2768602669239044, 0.2771269679069519, 0.2770431935787201, 0.27697232365608215, 0.2769109308719635, 0.27695930004119873, 0.276870995759964, 0.2768724262714386], [1.9449390172958374, 0.2761020064353943, 0.2761688232421875, 0.27621737122535706, 0.27612459659576416, 0.2762267291545868, 0.2761504650115967, 0.2761426866054535, 0.27610453963279724, 0.2761287987232208, 0.276128351688385, 0.27611982822418213, 0.27615463733673096, 0.27623993158340454, 0.2760251760482788, 0.27617835998535156, 0.2761060297489166, 0.27622079849243164, 0.2761293649673462, 0.2761014699935913], [8.41808032989502, 0.05965756997466087, 0.02810644917190075, 0.025534050539135933, 0.022809593006968498, 0.021059980615973473, 0.019954504445195198, 0.01930788904428482, 0.018610868602991104, 0.017724016681313515, 0.016873402521014214, 0.016220243647694588, 0.015927299857139587, 0.017542919144034386, 0.01822071522474289, 0.01670639030635357, 0.021157044917345047, 0.01952081359922886, 0.016972560435533524, 0.015554890036582947]], "Val_Loss(MAE)": [[0.28814998269081116, 0.29966410994529724, 0.28331828117370605, 0.28903189301490784, 0.28353169560432434, 0.2839234471321106, 0.2818913757801056, 0.2875535488128662, 0.2933002710342407, 0.2832278907299042, 0.32964852452278137, 0.2823719084262848, 0.2821812331676483, 0.2811851501464844, 0.3032246530056, 0.2811759412288666, 0.2991306483745575, 0.2836882174015045, 0.309729665517807, 0.3009747862815857], [0.281193345785141, 0.2814933657646179, 0.28372886776924133, 0.2908474802970886, 0.2814396619796753, 0.2819100320339203, 0.28130167722702026, 0.28157374262809753, 0.28293102979660034, 0.28117430210113525, 0.28187426924705505, 0.2832298278808594, 0.2855595648288727, 0.28194954991340637, 0.28146615624427795, 0.28126510977745056, 0.2823159694671631, 0.28118035197257996, 0.28168123960494995, 0.2815178632736206], [0.28285887837409973, 0.2811925709247589, 0.2830091714859009, 0.2819713056087494, 0.2824190557003021, 0.2817939221858978, 0.2820972502231598, 0.2817447781562805, 0.28299206495285034, 0.28599032759666443, 0.28439414501190186, 0.28116849064826965, 0.2810974717140198, 0.2861206531524658, 0.28157225251197815, 0.2831895649433136, 0.28132566809654236, 0.28125157952308655, 0.28159743547439575, 0.2821272909641266], [0.28164827823638916, 0.01877022534608841, 0.01691282168030739, 0.015550042502582073, 0.011527050286531448, 0.021676499396562576, 0.014094278216362, 0.013048051856458187, 0.01444267574697733, 0.016353005543351173, 0.017219455912709236, 0.015848075971007347, 0.020189397037029266, 0.027676789090037346, 0.014631891623139381, 0.01237955316901207, 0.021044723689556122, 0.021184483543038368, 0.03664685785770416, 0.03641676902770996]]},